Name,First IP Address,Login_Count,Login_Count_Excess
Tildy Clarke-Williams,10.15.27.116,202,3
Amitie Amos,172.31.3.7,212,13
Pamella Trenholme,10.205.8.234,297,98
Lexi Greatrex,172.31.4.85,249,50
Karla Caddie,10.206.0.152,229,30
Elberta Caze,10.2.48.161,167,-32
Celestine D'Cruze,172.31.3.3,110,-89
Jacklyn Stuchberry,172.31.4.113,268,69
Timmy Morrice,172.31.4.99,244,45
Cynthie Syers,172.31.4.90,113,-86
Nerta Sweeny,10.205.7.159,166,-33
Woodman Camber,172.31.3.14,145,-54
Barbie McCullen,10.2.49.123,284,85
Agnola Bucktrout,10.2.48.40,251,52
Calida Hinken,10.2.49.81,124,-75
Susanne Delouch,10.2.48.206,182,-17
Sharia MacSkeagan,10.2.49.191,275,76
Tobey Oneil,172.31.3.10,189,-10
Alwyn Tieman,172.31.3.19,117,-82
Franciska Greeves,172.31.4.100,227,28
Bernie Thorpe,10.2.49.132,210,11
Pascal Cambell,10.2.48.152,174,-25
Vernice Heyburn,10.2.48.61,118,-81
Felecia Treuge,10.2.49.131,155,-44
Roma Thewles,10.2.48.40,108,-91
Sharla Beaves,10.2.49.133,230,31
Enrique Wanjek,10.2.49.136,132,-67
Nonnah Gilstin,10.2.48.120,150,-49
Sadie Sjostrom,10.15.9.29,240,41
Dalton Carthew,10.2.49.172,102,-97
Brianna Eake,10.2.48.136,160,-39
Arabela Norville,172.31.4.77,283,84
Justino Miguet,10.2.49.152,245,46
Zilvia Srutton,10.15.9.46,294,95
Turner de Clercq,10.205.9.223,282,83
Joyous McInnerny,10.2.49.189,133,-66
Portie Tweedy,10.2.49.187,214,15
Theresita Westpfel,10.2.49.190,196,-3
Monte Gutans,10.2.48.156,230,31
Gasper Denny,10.206.4.55,214,15
Mylo Berrow,10.2.49.196,281,82
Lorrie Rubanenko,172.31.3.191,154,-45
Binni Lorinez,10.2.49.170,182,-17
Nicolina Coult,10.2.49.169,178,-21
Sully Hehnke,10.2.48.157,267,68
